user_id,t_start,t_end,lat,lon
0,54,153,40.040084188893026,-75.5929051618504
1,54,94,40.034026879531815,-75.6021671260243
2,54,110,40.032564129901694,-75.59504112815851
3,54,126,40.033398266508705,-75.59676745306801
4,54,115,40.03400460178134,-75.59565406843919
5,54,115,40.03868201066343,-75.59675853321633
6,54,142,40.035688060503645,-75.59609425034765
7,54,75,40.03731908857926,-75.59692651818425
8,54,80,40.03907049541112,-75.59572442540083
9,54,120,40.04380209686532,-75.59510055103567
10,54,82,40.03798820654608,-75.60479017443964
11,54,121,40.03861168298915,-75.59630900929318
12,54,107,40.038970318872686,-75.59783583723117
13,54,74,40.038659417004446,-75.59730778997792
14,54,126,40.037383266150506,-75.60151558613812
15,54,125,40.04090673376777,-75.5965959115131
16,54,109,40.03790429714265,-75.5969961694504
17,54,143,40.039121280682345,-75.6025037791555
18,54,82,40.043114674486,-75.59932326869888
19,54,93,40.03420488445232,-75.59766147587423
20,54,76,40.03586845944639,-75.59189947782122
21,54,85,40.0385532829552,-75.59602081462319
22,54,83,40.04221613974712,-75.60032070724068
23,54,154,40.036705740563335,-75.59770890918382
24,54,137,40.03854512679429,-75.59447980844959
25,54,119,40.03860032580605,-75.59602161045345
26,54,147,40.04313312675312,-75.59788188180072
27,54,119,40.038616981797084,-75.59661528810908
28,54,80,40.04465049177366,-75.5923703105
29,54,100,40.03794026205856,-75.59503167882998
30,54,117,40.03863140763628,-75.60029514955168
31,54,79,40.03818203442878,-75.59626094816453
32,54,127,40.03482712073079,-75.58954813628728
33,54,118,40.04422069858738,-75.59355169980094
34,54,105,40.03865957395983,-75.59064862777818
35,54,119,40.04425512792191,-75.60201878978147
36,54,118,40.04106516316564,-75.59429313760064
37,54,102,40.039104188323456,-75.59200601690878
38,54,87,40.036930532900364,-75.59775873929803
39,54,145,40.03629656836502,-75.5946498000705
40,54,124,40.03892916879501,-75.59849240454912
41,54,94,40.03683977234542,-75.59461084501787
42,54,82,40.03362453366676,-75.59819919496144
43,54,124,40.036827558912215,-75.59436271428434
44,54,85,40.039549103523875,-75.59743178559336
45,54,124,40.04389489869805,-75.59757881141608
46,54,95,40.03404677738252,-75.59661043698502
47,54,120,40.03774705386407,-75.59656204935672
48,54,153,40.03615107388714,-75.5989809679991
49,54,142,40.03753036986072,-75.59671021317968
50,231,314,40.040869796890675,-75.59616107241115
51,231,294,40.03899046012393,-75.59161435602316
52,231,303,40.03401700624959,-75.59908977017966
53,231,254,40.03781679407679,-75.60237306116441
54,231,273,40.04123092264714,-75.60283667037933
55,231,293,40.03808594702678,-75.60127229803965
56,231,310,40.04038351053903,-75.58770082726507
57,231,282,40.04034142665082,-75.59882333906297
58,231,290,40.039989559833806,-75.59903205778065
59,231,262,40.041041679911,-75.59957536981663
60,231,326,40.03860388158369,-75.59634064066874
61,231,318,40.04084658438159,-75.59965865982049
62,231,254,40.03852413965861,-75.59656537178503
63,231,294,40.03873071521881,-75.60420381030401
64,231,265,40.04125450016931,-75.59965529484596
65,231,321,40.04489324744535,-75.59967268213805
66,231,296,40.04313947557044,-75.59131727763021
67,231,298,40.039182264873446,-75.59410701567347
68,231,331,40.03792179105275,-75.59509410591684
69,231,293,40.037439955745675,-75.58741013832346
70,231,310,40.045686773273374,-75.59779202860187
71,231,322,40.03883897701282,-75.59509782998028
72,231,311,40.03615575227863,-75.59414917833475
73,231,282,40.03796201597084,-75.60037911624096
74,231,280,40.03822858696221,-75.59427237326358
75,231,303,40.04299578807139,-75.59860592606813
76,231,286,40.044718848426676,-75.59182677300035
77,231,293,40.03821743606168,-75.60068154627574
78,231,278,40.039846560366826,-75.59748778710363
79,231,268,40.0451512539167,-75.5955578330197
80,231,300,40.042388508321075,-75.59343583858819
81,231,256,40.04418440820028,-75.59420007624516
82,231,320,40.03332100874057,-75.60011689619999
83,231,330,40.04330064215613,-75.60151971862133
84,231,253,40.03540112079384,-75.59270098441587
85,231,252,40.03456844790128,-75.59322141761429
86,231,268,40.03826361506255,-75.59458012308333
87,231,327,40.03677453437465,-75.59708450132756
88,231,327,40.04409523545066,-75.59664933270358
89,231,282,40.04227244788568,-75.59642043474521
90,231,306,40.03935727417176,-75.59744146873902
91,231,329,40.03859783564689,-75.59660081263364
92,231,307,40.03318849902465,-75.6001561188038
93,231,329,40.04028530385336,-75.5955701339556
94,231,323,40.03898095440116,-75.59686307836861
95,231,270,40.04058278318044,-75.60284140083058
96,231,325,40.039858266692534,-75.60313709526659
97,231,327,40.03880671049833,-75.59570806521091
98,231,304,40.04001680231029,-75.59128465574679
99,231,260,40.040276755516246,-75.60095349432417
100,28,57,40.035571856547485,-75.59676261473004
101,28,51,40.041442485801255,-75.59439375341567
102,28,95,40.044103511740225,-75.59196241084055
103,28,115,40.04447732547475,-75.59486017590264
104,28,103,40.03412391162428,-75.59153752022142
105,28,69,40.03595319177378,-75.60517581503458
106,28,118,40.03464455049731,-75.59460869042772
107,28,104,40.03845321916863,-75.59784822462254
108,28,122,40.034685051231335,-75.59751822716309
109,28,127,40.040775122526206,-75.60493858590486
110,28,117,40.0389190507584,-75.59773001162436
111,28,116,40.04108543173973,-75.59503141138771
112,28,128,40.03673709034362,-75.59085004702646
113,28,65,40.03804637768157,-75.58822457600786
114,28,103,40.04108978821233,-75.59576105902194
115,28,103,40.03964100096774,-75.59215026244543
116,28,103,40.04401141887493,-75.59610708427428
117,28,59,40.03746163029201,-75.59959903601741
118,28,107,40.037873615786914,-75.59840990948356
119,28,63,40.03994811534439,-75.60114252473684
120,28,123,40.04067291926592,-75.60517636123912
121,28,67,40.0346357396602,-75.59673689229844
122,28,63,40.03896412726622,-75.59564298313728
123,28,69,40.04342491207433,-75.60087067509235
124,28,125,40.03932348465399,-75.59665095304365
125,28,63,40.03893517002152,-75.5947058478666
126,28,53,40.03972905085299,-75.60073966985638
127,28,79,40.042416584075056,-75.58866547176771
128,28,106,40.035199222045875,-75.59967195390487
129,28,123,40.033757801141284,-75.60147163727405
130,28,93,40.036248053147496,-75.59947464071118
131,28,58,40.041485294766474,-75.58970035492835
132,28,116,40.04265983685039,-75.5956285705762
133,28,69,40.03723667753671,-75.59501788893384
134,28,114,40.0413939915239,-75.59698925488183
135,28,61,40.04066815450456,-75.60491749380088
136,28,57,40.03896535430734,-75.59794021939331
137,28,69,40.03909031213491,-75.59605093886618
138,28,97,40.03844488285557,-75.59103072962704
139,28,67,40.03559945767337,-75.59527779715722
140,28,98,40.03627393713063,-75.59957144112407
141,28,100,40.04083407606918,-75.5932246127074
142,28,75,40.04258018250332,-75.59827621191366
143,28,59,40.035838779347,-75.6044680866762
144,28,106,40.032510630522175,-75.59537296026723
145,28,123,40.03220713412244,-75.59637930061271
146,28,80,40.044683776819696,-75.5990267145684
147,28,103,40.03210609419607,-75.59265482576039
148,28,54,40.03816581611693,-75.59711810237752
149,28,127,40.03933271105142,-75.58755511670192
150,123,189,40.03594199406116,-75.5973694740994
151,123,206,40.036066640950125,-75.59922841916381
152,123,193,40.037922148399325,-75.60481637652725
153,123,204,40.04307653456316,-75.59216143425031
154,123,184,40.03780826653467,-75.59783553954111
155,123,157,40.0359336513525,-75.59084830833304
156,123,143,40.038238558348745,-75.60482872102426
157,123,214,40.04294572144256,-75.5905722748731
158,123,163,40.033806986448546,-75.60041586459006
159,123,148,40.043634350968176,-75.5991052904768
160,123,215,40.03938864093231,-75.59156545606194
161,123,163,40.03733126001051,-75.60190480292918
162,123,215,40.03916598806952,-75.60048687194171
163,123,151,40.04242410066105,-75.59264621535392
164,123,200,40.03493660705395,-75.59961865322838
165,123,154,40.03929028619752,-75.5966038601839
166,123,180,40.0408440909067,-75.60216226240222
167,123,145,40.034527884188336,-75.6003609170764
168,123,144,40.03994720098833,-75.59733363461572
169,123,177,40.03832152222504,-75.59623182934966
170,123,179,40.03555864840106,-75.59037266852604
171,123,181,40.039053313396494,-75.59655588682025
172,123,176,40.040612435675754,-75.59744269219301
173,123,203,40.038638780916905,-75.59810805033797
174,123,207,40.0340030711576,-75.59391753688848
175,123,196,40.038000406272936,-75.59689941978232
176,123,153,40.04439754948334,-75.59188658865246
177,123,176,40.04365065596966,-75.5907924937604
178,123,197,40.03859980683227,-75.59660334481656
179,123,200,40.03781459972096,-75.59380224889462
180,123,171,40.03713291652555,-75.58988049363332
181,123,156,40.042976533450684,-75.59240107281134
182,123,161,40.0338859648293,-75.60195455297952
183,123,145,40.03993755233958,-75.59946973258816
184,123,207,40.0372887216195,-75.58907716086935
185,123,163,40.03944802707803,-75.59611445533591
186,123,217,40.03974635149739,-75.59876558078044
187,123,170,40.041654548083415,-75.60493009928898
188,123,181,40.04356995190203,-75.59964783191622
189,123,220,40.03348691793137,-75.5964784940101
190,123,181,40.03804818035623,-75.5953646424832
191,123,158,40.03576112134643,-75.5978704971171
192,123,210,40.03547854208056,-75.60138114321062
193,123,165,40.04040114328882,-75.58883549522153
194,123,221,40.042526118563536,-75.59927425907507
195,123,208,40.03546097040362,-75.59800439624368
196,123,177,40.03699191378575,-75.60504727245889
197,123,209,40.03613502229446,-75.59109784696689
198,123,187,40.03684525677477,-75.58872305707712
199,123,184,40.038211104211506,-75.59662095094977
200,150,193,40.04050446430645,-75.59701693595144
201,150,222,40.041518263954075,-75.59813105021006
202,150,206,40.03578233630754,-75.59797090285461
203,150,171,40.03524390123425,-75.59492434044638
204,150,189,40.03922287263956,-75.59836343255546
205,150,240,40.038914167650155,-75.59646827527163
206,150,187,40.03774927944716,-75.5984779043307
207,150,245,40.04341804790504,-75.59317770040676
208,150,230,40.03564272874839,-75.60454975961906
209,150,182,40.03551690659409,-75.6043654405377
210,150,218,40.0317295777632,-75.5948967221125
211,150,201,40.03859681466356,-75.5896176856122
212,150,218,40.03639021357549,-75.59313010060681
213,150,187,40.0373160640194,-75.60234774894441
214,150,187,40.03443371699474,-75.59411166201606
215,150,192,40.0376514289765,-75.5959496711176
216,150,233,40.04330016244744,-75.60162673886762
217,150,216,40.03487129789334,-75.59694041574912
218,150,229,40.0406534178325,-75.59179273547625
219,150,170,40.033380552678516,-75.6012508437573
220,150,246,40.04036610763804,-75.59782513833498
221,150,209,40.035580568821175,-75.59979870209473
222,150,189,40.04028087767799,-75.59516756127438
223,150,210,40.0390391231561,-75.59825473499377
224,150,212,40.034411546806815,-75.60176234780334
225,150,232,40.03840788907711,-75.59777269544759
226,150,213,40.04165691829887,-75.59351627115088
227,150,244,40.0367222447133,-75.59347914916914
228,150,214,40.034148387352516,-75.59555117029086
229,150,203,40.03575564475234,-75.6003645633178
230,150,177,40.04009764687147,-75.59616048774815
231,150,176,40.03851794754787,-75.60222510460584
232,150,196,40.0364675397763,-75.59244093959549
233,150,214,40.038007003086754,-75.59722809709548
234,150,244,40.04012078154179,-75.59660962685625
235,150,249,40.039017930138115,-75.6003381437427
236,150,225,40.036142896791034,-75.60122143458756
237,150,241,40.03882908705948,-75.5955618572529
238,150,181,40.03503854222255,-75.59481330536515
239,150,226,40.03790738387272,-75.5944402339485
240,150,172,40.03960046400465,-75.59589327392975
241,150,185,40.033846617857996,-75.5935531847549
242,150,208,40.033336163406815,-75.59073288009408
243,150,180,40.03851421162284,-75.59448338896941
244,150,226,40.03705127392683,-75.58951780999347
245,150,171,40.04263952684479,-75.59868757292509
246,150,240,40.0391898106968,-75.59646940680045
247,150,229,40.03851720389105,-75.59636058532224
248,150,239,40.03780594259122,-75.59476101978855
249,150,207,40.04281993290517,-75.60407299014203
250,251,295,40.04076063149771,-75.59221795952321
251,251,296,40.036432904985524,-75.58831987502822
252,251,338,40.04041860160971,-75.5974320632839
253,251,299,40.03407064325271,-75.60017045329927
254,251,338,40.04566020163838,-75.59636194153887
255,251,320,40.03732219920604,-75.59806082066552
256,251,284,40.038545061122555,-75.59661306431963
257,251,314,40.04050935466822,-75.6012165393453
258,251,296,40.036504589847944,-75.60284550107225
259,251,314,40.04245041127477,-75.60239315586068
260,251,314,40.0355295440646,-75.59075612402997
261,251,313,40.03611934990226,-75.59393224211645
262,251,314,40.03505294992498,-75.59495007556428
263,251,285,40.0418369493333,-75.59791659811023
264,251,348,40.043003046137265,-75.59656752820408
265,251,310,40.038576793604726,-75.59667396485706
266,251,285,40.04183111102165,-75.591550223744
267,251,351,40.03921201813158,-75.59179271705263
268,251,327,40.042845727145156,-75.59322920760846
269,251,277,40.04212234279113,-75.59480797392216
270,251,276,40.041550512642345,-75.5965872733327
271,251,316,40.03771885323231,-75.5955547295026
272,251,347,40.04071785101419,-75.59482894582497
273,251,277,40.042128015238916,-75.5934702141652
274,251,340,40.0355681954756,-75.59412602356969
275,251,333,40.03871970316594,-75.59642622632028
276,251,309,40.03789100615145,-75.60431933114329
277,251,275,40.04074387056646,-75.59052573686988
278,251,280,40.038629479357795,-75.59720460760306
279,251,290,40.034166384777066,-75.59907044284013
280,251,290,40.03419097302927,-75.59434629817486
281,251,288,40.044333262513774,-75.60000944140376
282,251,340,40.04024703311159,-75.60020003745574
283,251,315,40.03818093118433,-75.59928589267136
284,251,322,40.03901968986724,-75.59713705328546
285,251,319,40.04286756238344,-75.5920043384698
286,251,312,40.041457971181416,-75.5938120648983
287,251,332,40.03773266065358,-75.59564669619519
288,251,307,40.037647995133845,-75.59724190147466
289,251,276,40.03955648712734,-75.5971155202883
290,251,350,40.03576097232759,-75.59033704528474
291,251,343,40.032077843892516,-75.59430424872863
292,251,326,40.031780676444484,-75.59809262277948
293,251,331,40.03583302555117,-75.59671244155474
294,251,335,40.043454468641784,-75.59864103479998
295,251,302,40.04283670663945,-75.60329833782755
296,251,338,40.04154297975439,-75.58940350005713
297,251,335,40.04455869769911,-75.59821510639277
298,251,292,40.03756306705893,-75.58813794820395
299,251,329,40.03657988419888,-75.59641722292585
300,213,233,40.042378259405645,-75.5937113080102
301,213,236,40.03164138762057,-75.59450867070485
302,213,245,40.040514601357636,-75.59716680615733
303,213,240,40.04417577482425,-75.59917440276818
304,213,290,40.03877456520428,-75.59363721089916
305,213,278,40.03699487990181,-75.59960312702782
306,213,302,40.03745610691078,-75.5927482660476
307,213,296,40.03468398614182,-75.60336866640314
308,213,233,40.032708347962526,-75.59785713626117
309,213,257,40.04142356481394,-75.60065655097551
310,213,267,40.04453338700772,-75.59674895080134
311,213,284,40.0328573600601,-75.59428865828126
312,213,277,40.03593693351525,-75.59689466773716
313,213,293,40.04215841564504,-75.59496406442257
314,213,256,40.03620239950588,-75.59361666362076
315,213,260,40.038461285049046,-75.59641325867508
316,213,273,40.040844952006175,-75.59926460487691
317,213,251,40.0380973151173,-75.59648961920288
318,213,266,40.040780061289325,-75.60397806005928
319,213,263,40.04125981512518,-75.60200392593701
320,213,282,40.03772055815824,-75.59673038413064
321,213,235,40.042232028872334,-75.59420543308744
322,213,241,40.03599826368302,-75.59709786618157
323,213,313,40.04263444699271,-75.60020699350245
324,213,296,40.04286454680797,-75.5948657869772
325,213,267,40.03963738397055,-75.60482543538173
326,213,244,40.035523225085285,-75.59333777413384
327,213,304,40.038110490195685,-75.59962496929882
328,213,295,40.03719229367228,-75.60351892620962
329,213,234,40.03858645829044,-75.59651333860471
330,213,313,40.038932156134926,-75.5962369456799
331,213,271,40.040801228812235,-75.59744387332339
332,213,243,40.04243441394724,-75.60139314036381
333,213,265,40.03931130344887,-75.60116103721057
334,213,310,40.040203668255,-75.60446842482841
335,213,286,40.03575424419371,-75.6036247442667
336,213,301,40.034739062789654,-75.60402873028882
337,213,262,40.038135820107016,-75.596472785644
338,213,291,40.03862381695674,-75.59633718124954
339,213,312,40.039729665712954,-75.60017775129903
340,213,237,40.042745553016914,-75.59613337049295
341,213,259,40.033109776655174,-75.59159592606078
342,213,238,40.035852688025514,-75.59786025932328
343,213,311,40.035930067084536,-75.60341798485257
344,213,234,40.039240617613295,-75.59658467183071
345,213,240,40.04004862963587,-75.59840391535478
346,213,233,40.035510986387465,-75.60026023855058
347,213,313,40.04221632002246,-75.59429384275136
348,213,308,40.038231522955314,-75.6000129731455
349,213,253,40.04260252109261,-75.598134779429
350,42,99,40.04275892168483,-75.59544978684117
351,42,114,40.038229664273494,-75.59518218187596
352,42,93,40.03956501021052,-75.59697851312508
353,42,119,40.03925362608852,-75.59134229082154
354,42,124,40.038947088760025,-75.59336883188824
355,42,117,40.03502022816363,-75.59545713232791
356,42,100,40.04371660214881,-75.60216778260886
357,42,105,40.04170674203908,-75.59997659898455
358,42,103,40.03504220451181,-75.60114012043411
359,42,90,40.03241205277694,-75.59269784871994
360,42,132,40.04227508221007,-75.59854125580219
361,42,89,40.03302405064285,-75.59320455520647
362,42,116,40.03786051127953,-75.59686965865501
363,42,85,40.03755498785421,-75.59762730275591
364,42,68,40.040228606952674,-75.58902622605733
365,42,132,40.03356865075071,-75.59216345366241
366,42,124,40.038354220914975,-75.59768646280776
367,42,119,40.03641515404175,-75.59161574095248
368,42,67,40.04327943807161,-75.59368312148287
369,42,106,40.04555452860908,-75.59865511185242
370,42,124,40.036935811262154,-75.59540571218027
371,42,129,40.04034873625631,-75.59834925412595
372,42,115,40.04069072787317,-75.59395206807837
373,42,89,40.03978241744357,-75.59756624055666
374,42,139,40.03769355342039,-75.5922575214857
375,42,120,40.03777064425772,-75.60490055600239
376,42,67,40.03872611083387,-75.59653568883904
377,42,102,40.038726488426015,-75.5965648526026
378,42,137,40.0388811100435,-75.597027569679
379,42,88,40.03331549485945,-75.5980169943756
380,42,80,40.031737425949665,-75.59899785871465
381,42,97,40.0385440540288,-75.59467293968665
382,42,141,40.03981525174707,-75.60154722102126
383,42,107,40.0364276940037,-75.59625502774594
384,42,66,40.03386857308057,-75.59617703366999
385,42,129,40.038307557835516,-75.5971651549216
386,42,118,40.03329349748815,-75.60199363332728
387,42,110,40.04258174031473,-75.59732290751161
388,42,115,40.04037084660287,-75.60058890516875
389,42,69,40.04462139281628,-75.59309587756593
390,42,67,40.04184168123766,-75.6030244075127
391,42,97,40.03493854571744,-75.59428648465075
392,42,132,40.03876316735647,-75.59485384896709
393,42,101,40.0406409309744,-75.59412281681136
394,42,80,40.04247079590358,-75.6038700118508
395,42,127,40.04407400048483,-75.60007781609336
396,42,122,40.04188294391243,-75.59286615297259
397,42,76,40.03467768361633,-75.59474456594735
398,42,120,40.037897040528684,-75.5930264519499
399,42,85,40.04339622560605,-75.59701203542042
400,107,139,40.03671344742991,-75.59608416202873
401,107,127,40.03622586479592,-75.59819087796382
402,107,141,40.0425434817432,-75.59518672737433
403,107,139,40.040182215060305,-75.5952637315831
404,107,194,40.038354523980495,-75.60234047718588
405,107,202,40.03908002602073,-75.5958310786031
406,107,163,40.0365543117671,-75.58944418398829
407,107,186,40.042260655476696,-75.6016311823616
408,107,152,40.038489810450194,-75.58827804795375
409,107,185,40.043122241812235,-75.60043665234748
410,107,178,40.04277450573669,-75.59792047462233
411,107,193,40.04187224963734,-75.59127813979028
412,107,169,40.03913862899951,-75.59686393107559
413,107,161,40.03713447584423,-75.59872165423806
414,107,130,40.03874567824397,-75.59128922415906
415,107,129,40.04270105111996,-75.60251270806425
416,107,170,40.03545969363659,-75.59800081892016
417,107,145,40.038576135480355,-75.59770934721885
418,107,165,40.0388981079157,-75.59266110642258
419,107,161,40.03415656865382,-75.59327244560708
420,107,186,40.036721629341905,-75.5960185046428
421,107,165,40.039780298297366,-75.59150774360755
422,107,187,40.03978934295409,-75.59666976040594
423,107,168,40.04296520143544,-75.59353539347282
424,107,168,40.04052180996015,-75.59974803210788
425,107,202,40.03243740790027,-75.5967289335034
426,107,194,40.03725864402297,-75.5944699055898
427,107,146,40.03924430519247,-75.59628342590482
428,107,133,40.043695140411074,-75.59365104607436
429,107,149,40.034426958316374,-75.5989779741115
430,107,202,40.04075569870218,-75.59795425057547
431,107,201,40.03885329620704,-75.59781770076633
432,107,159,40.03502759148898,-75.5909998151115
433,107,163,40.03814048400736,-75.60054025793687
434,107,133,40.03852032479221,-75.59676667919591
435,107,176,40.03879144944347,-75.59014681349723
436,107,137,40.04042879084693,-75.59595903925528
437,107,132,40.03838769289666,-75.5969182688905
438,107,159,40.04349927902952,-75.59986399569222
439,107,138,40.043961681804795,-75.59956180257306
440,107,138,40.04055950589315,-75.59243989749375
441,107,135,40.04411722278146,-75.59630379220545
442,107,170,40.03578298727463,-75.59722628034798
443,107,133,40.03601666810499,-75.59260074075823
444,107,193,40.0411789106097,-75.59396489872042
445,107,139,40.03833834826026,-75.5963984821762
446,107,136,40.039419460974145,-75.59609653651607
447,107,136,40.04219846764411,-75.59360844556112
448,107,142,40.037459054797594,-75.59499532437299
449,107,195,40.03946484359358,-75.59741958863171
450,110,151,40.03871525761704,-75.59899702996726
451,110,146,40.033321049903094,-75.59463696669012
452,110,130,40.03852858113189,-75.59702917079314
453,110,160,40.04206536503356,-75.60051886423945
454,110,151,40.03475218325588,-75.5968084156473
455,110,209,40.04098853379251,-75.59734837520716
456,110,174,40.03871948777423,-75.59327480797252
457,110,197,40.03659889231745,-75.59877434732205
458,110,137,40.03883903112289,-75.5970758250929
459,110,187,40.03988972290135,-75.59294204806497
460,110,201,40.04186292325216,-75.60327629072762
461,110,141,40.03786460272038,-75.5978946271556
462,110,193,40.03969555015244,-75.59748680512462
463,110,199,40.037756425573136,-75.60098113257591
464,110,188,40.0414561996901,-75.59814727903981
465,110,155,40.0416474836889,-75.59208809735044
466,110,164,40.038644480108175,-75.60230853130442
467,110,202,40.044178491617636,-75.59236763184244
468,110,134,40.03463577188953,-75.60219551033944
469,110,202,40.03871497171761,-75.59638850535882
470,110,166,40.04456145935867,-75.59467179611657
471,110,174,40.03840715978135,-75.59666942940775
472,110,130,40.03826367893146,-75.5951214831888
473,110,206,40.038496814837,-75.5966273473647
474,110,175,40.03737431804154,-75.59049184910323
475,110,135,40.03225687180474,-75.59917882140105
476,110,154,40.03515098197992,-75.58864447209635
477,110,137,40.038111639667115,-75.59896314148975
478,110,139,40.034058244007504,-75.59175825445061
479,110,210,40.04312907205055,-75.600803115326
480,110,183,40.04081502226347,-75.60040127182491
481,110,161,40.043860778539454,-75.59419056810503
482,110,141,40.04504356718842,-75.60032897936036
483,110,173,40.03750819423175,-75.591092807653
484,110,157,40.037820323782206,-75.60115371656325
485,110,137,40.04137249159073,-75.60018748650177
486,110,205,40.03817901887211,-75.59854868209912
487,110,138,40.035700779889744,-75.59661570108639
488,110,166,40.03439187037875,-75.59833127359174
489,110,182,40.03778038333238,-75.59754890711005
490,110,200,40.04145752307278,-75.5949362940234
491,110,153,40.04370086860048,-75.60086722947518
492,110,159,40.03590641684824,-75.59905786763868
493,110,135,40.03860411223271,-75.59681809069238
494,110,158,40.038655522953356,-75.59901159943438
495,110,192,40.035456455487655,-75.60477800649178
496,110,157,40.03835433511664,-75.59874507940661
497,110,145,40.039362468823974,-75.59036521127169
498,110,146,40.04023853890418,-75.59715860534108
499,110,144,40.03298045353106,-75.59562615072855
500,70,109,40.033722972810644,-75.6028158988449
501,70,103,40.04285406063891,-75.59409361183187
502,70,96,40.03797519241677,-75.59336297062491
503,70,95,40.03455333338949,-75.60250019942087
504,70,164,40.03875983702023,-75.59102907557731
505,70,103,40.038322661307824,-75.59604448277734
506,70,143,40.037988098345146,-75.59659175398107
507,70,164,40.038933899616104,-75.58776396841445
508,70,164,40.03501326547674,-75.59347263412779
509,70,162,40.04513979059179,-75.59445925150375
510,70,126,40.034397304590556,-75.59997226136434
511,70,142,40.0386956519693,-75.60160087218543
512,70,109,40.03896717317212,-75.5889869853799
513,70,170,40.03559060746684,-75.60188816580035
514,70,157,40.0323472845211,-75.59999248377953
515,70,116,40.04503602834985,-75.59731282319906
516,70,125,40.03333503743109,-75.60099082355914
517,70,126,40.038248801029795,-75.5998575787776
518,70,108,40.03825564833148,-75.6007587087805
519,70,165,40.045588867266524,-75.5963485370354
520,70,142,40.03688268182389,-75.60289973032798
521,70,105,40.03730651407021,-75.59816365042953
522,70,140,40.04468800516584,-75.59326561304411
523,70,127,40.03802871482435,-75.59581733621654
524,70,136,40.035925525610466,-75.59742025731256
525,70,124,40.033907498974315,-75.5974997742013
526,70,164,40.03633469644203,-75.60018162884609
527,70,158,40.043394583515465,-75.60237748940473
528,70,151,40.0358204869807,-75.60199704790055
529,70,122,40.032776600879345,-75.59972879191048
530,70,91,40.04132213220925,-75.60411823324512
531,70,100,40.03357965369545,-75.59524311574022
532,70,166,40.03848948039334,-75.5972400136963
533,70,108,40.04195541331862,-75.5907836449242
534,70,135,40.037600126226856,-75.59511249928543
535,70,128,40.03952712137909,-75.59515322633959
536,70,117,40.035306027890854,-75.59782350205765
537,70,131,40.04395012395954,-75.59856294697575
538,70,98,40.04344202331471,-75.59026160903869
539,70,146,40.03895173341075,-75.59671370284852
540,70,130,40.03872393657687,-75.59701160968208
541,70,167,40.03705892655426,-75.59231794108234
542,70,102,40.03845576927303,-75.59655870524264
543,70,112,40.04434823396971,-75.59616534745938
544,70,153,40.039599920155574,-75.5969828935538
545,70,153,40.03984106322895,-75.59573945506278
546,70,169,40.037715434744655,-75.59800092352032
547,70,144,40.038064075078914,-75.59439836914945
548,70,106,40.03859855178122,-75.59659882818377
549,70,144,40.03981784105281,-75.59690873349457
550,85,139,40.0389696617821,-75.59591172578075
551,85,140,40.0423065373444,-75.59366195783052
552,85,177,40.03730000132532,-75.60075304573309
553,85,177,40.033173982885664,-75.59695162373289
554,85,154,40.034478094144504,-75.59384164193474
555,85,123,40.03877123354194,-75.59488355229387
556,85,114,40.03879167491812,-75.59739563490578
557,85,152,40.03888885455269,-75.60519150524759
558,85,168,40.03392565085135,-75.59721564354348
559,85,172,40.036169989241095,-75.5909964546232
560,85,150,40.04018960189749,-75.59918484792593
561,85,134,40.04182632106775,-75.59214853813923
562,85,167,40.03811928909706,-75.59627030543051
563,85,172,40.04231953329104,-75.59314336667627
564,85,140,40.03750432540701,-75.60354954219453
565,85,135,40.03898873757236,-75.59656692625666
566,85,107,40.03821998391507,-75.59497963433247
567,85,134,40.038574865738354,-75.59530577016156
568,85,140,40.03568564272838,-75.5944583841186
569,85,134,40.03640198961302,-75.59458771827195
570,85,171,40.033971887449376,-75.59358779785451
571,85,132,40.04004605439283,-75.59373102788103
572,85,143,40.03768781441326,-75.59203572717227
573,85,128,40.03858480336062,-75.6043610377347
574,85,185,40.04045734371296,-75.60298340152971
575,85,153,40.041843152160546,-75.6022878505508
576,85,181,40.03822293965385,-75.60120315338146
577,85,136,40.036535872378245,-75.59376200723935
578,85,152,40.03943687921762,-75.58736178610756
579,85,148,40.03883999571311,-75.59692344988572
580,85,127,40.03994347665626,-75.58966012649907
581,85,128,40.040049481201166,-75.59786750490524
582,85,112,40.037832483518294,-75.60131499125951
583,85,156,40.03648607424697,-75.59511163240239
584,85,178,40.03847750306618,-75.59653107599229
585,85,168,40.0362010622524,-75.59681607073215
586,85,150,40.041358409518075,-75.59034008759767
587,85,175,40.034521185270734,-75.60107063076767
588,85,157,40.033451175236245,-75.59269298105663
589,85,159,40.036126283398445,-75.599702097866
590,85,138,40.038396428420825,-75.59588792880174
591,85,156,40.04107435135561,-75.59574822440601
592,85,145,40.03667838083168,-75.60186134848449
593,85,157,40.037093033899495,-75.6026885608679
594,85,134,40.041023053367894,-75.59930698053415
595,85,133,40.038903569464416,-75.60142580752067
596,85,127,40.03953905316539,-75.59774642141487
597,85,151,40.039469986046015,-75.59624168209288
598,85,175,40.039241798582054,-75.59691742576301
599,85,140,40.03893224428926,-75.59482570608981
600,180,263,40.041024907895086,-75.59230564082864
601,180,205,40.03903880628252,-75.60145549010782
602,180,264,40.03959035924524,-75.59748701178002
603,180,224,40.03847897953771,-75.58857196322049
604,180,264,40.0375591614307,-75.60405448891589
605,180,247,40.038959643217595,-75.59653585260858
606,180,255,40.040154028083464,-75.60152736138814
607,180,245,40.0353893264856,-75.60213355342816
608,180,264,40.03960197477121,-75.6007260834099
609,180,269,40.039893501230054,-75.59685717805185
610,180,255,40.038720002478385,-75.59588710811079
611,180,280,40.037970275407936,-75.60337426710988
612,180,213,40.03925678720715,-75.60086614365683
613,180,203,40.03939778932149,-75.59684883872833
614,180,271,40.03509276857906,-75.59625779648312
615,180,220,40.03749843801089,-75.59735093981465
616,180,222,40.03858631993314,-75.59657567633054
617,180,204,40.043075513819446,-75.58982057359576
618,180,270,40.03548065254428,-75.59948233257678
619,180,201,40.04151389269936,-75.59403835769155
620,180,222,40.03978647841669,-75.59159630225032
621,180,261,40.04164338378701,-75.60166090771546
622,180,219,40.03755106082819,-75.59546756995164
623,180,220,40.03755549378764,-75.60206083726128
624,180,257,40.03787403320221,-75.6027161782461
625,180,241,40.03922682034923,-75.59480328224127
626,180,245,40.03861944323644,-75.60162697595364
627,180,264,40.041313953604416,-75.60178677767743
628,180,235,40.041876197542194,-75.59720499309196
629,180,220,40.03648325496846,-75.59706715861489
630,180,242,40.03893509947049,-75.59312844269236
631,180,213,40.03977174983391,-75.60077358527174
632,180,278,40.0380806607545,-75.5972850495102
633,180,214,40.03840080582146,-75.59829603012972
634,180,269,40.040773743810895,-75.59640394887114
635,180,262,40.037694480597146,-75.59402085201313
636,180,244,40.0389199754963,-75.59665235681902
637,180,246,40.03549033851088,-75.59384963065975
638,180,225,40.03824897950898,-75.59529072203964
639,180,214,40.040001322079334,-75.59336064234326
640,180,231,40.03252406276113,-75.59799031919044
641,180,204,40.032098689695516,-75.59983724269478
642,180,234,40.038928094036386,-75.59549086930593
643,180,251,40.04339329530128,-75.59985216656064
644,180,276,40.03665126232087,-75.60211153233759
645,180,255,40.03850777160551,-75.59721113323263
646,180,258,40.04312594393173,-75.59625424545295
647,180,266,40.04042915080792,-75.58998578739802
648,180,205,40.0384907346363,-75.59638990588464
649,180,276,40.03346598622295,-75.59478737630968
650,199,249,40.037660553751344,-75.6035351644917
651,199,250,40.03859149553164,-75.59652621339237
652,199,240,40.03678159665503,-75.58905173767205
653,199,255,40.04292812118802,-75.59982350830147
654,199,265,40.03880742357079,-75.60342661108584
655,199,231,40.03790690333783,-75.5971899929984
656,199,238,40.038906093464995,-75.59415760360058
657,199,251,40.04121779573234,-75.59668960421794
658,199,248,40.03417161958699,-75.59395279022304
659,199,284,40.036526647833355,-75.59932212343026
660,199,262,40.04242530234217,-75.59232697566456
661,199,220,40.040904177798645,-75.59746410303444
662,199,222,40.038583795314885,-75.59654958011534
663,199,284,40.03793714866435,-75.59023715165473
664,199,246,40.038711930021826,-75.59692635528066
665,199,235,40.035985930723925,-75.59813847765827
666,199,231,40.03536335402281,-75.58922592863789
667,199,257,40.03724377634004,-75.59626771735215
668,199,288,40.03744149571592,-75.5929008586289
669,199,234,40.038562908753406,-75.59648552232414
670,199,281,40.03634523865964,-75.59658835009323
671,199,269,40.03309645002309,-75.59325927807224
672,199,267,40.037973417802355,-75.59323655653209
673,199,252,40.04267987299485,-75.59524000432633
674,199,226,40.038513593512775,-75.59105759241106
675,199,282,40.03266760570508,-75.59330238158425
676,199,296,40.03740956621353,-75.60516849910276
677,199,252,40.0352836797957,-75.59871645926917
678,199,257,40.04060122910432,-75.59480325449398
679,199,232,40.03909913717643,-75.60181181911898
680,199,268,40.04089365112776,-75.59725106972486
681,199,290,40.04226996667516,-75.5988451534577
682,199,268,40.03423658675413,-75.59790956830251
683,199,275,40.037689522355464,-75.59899601366703
684,199,260,40.03190954828754,-75.5935051810064
685,199,276,40.041893345180775,-75.6030831167706
686,199,297,40.03765477827555,-75.59794581777656
687,199,295,40.03682318381149,-75.59341140093123
688,199,240,40.03557824167215,-75.59502107582544
689,199,284,40.04081584548506,-75.59832265873668
690,199,221,40.03879026774811,-75.59292719446655
691,199,246,40.03804752650367,-75.59748775505491
692,199,246,40.03887674010446,-75.59943611789187
693,199,271,40.03765873915964,-75.59705843076969
694,199,298,40.038294582584555,-75.59403821363115
695,199,279,40.03369192631622,-75.5949430856775
696,199,295,40.04325224130634,-75.59078958437651
697,199,258,40.0386217273871,-75.59656165011306
698,199,291,40.04014987298725,-75.59680977924775
699,199,280,40.03841198447797,-75.60317484551565
700,29,129,40.038656863561336,-75.60018399590159
701,29,106,40.04304382973,-75.59659070548653
702,29,63,40.03958173118301,-75.59772940694414
703,29,89,40.03364965270379,-75.5946407595006
704,29,67,40.04173509158708,-75.59691735274792
705,29,52,40.04301100949872,-75.59684717903448
706,29,76,40.0383965505102,-75.59649319410151
707,29,88,40.041878428465026,-75.6017060834649
708,29,94,40.039150969072665,-75.59654462588321
709,29,80,40.03905592279643,-75.59536642265228
710,29,73,40.03335040452098,-75.59980030636522
711,29,60,40.03246033624615,-75.59741778856736
712,29,102,40.034761042032606,-75.59271233991585
713,29,70,40.03696539150009,-75.60115601678122
714,29,117,40.03758581680906,-75.59440920512097
715,29,111,40.037865989381515,-75.60114761729525
716,29,88,40.0391656339185,-75.59577145318919
717,29,61,40.03532241159411,-75.60208381144717
718,29,115,40.03652756410959,-75.60342078206142
719,29,116,40.04260165720919,-75.6006095390622
720,29,60,40.03822835128986,-75.59189701616339
721,29,108,40.04525608890665,-75.5950465497834
722,29,79,40.03849080916586,-75.60129899869239
723,29,111,40.03730325883566,-75.5971369282317
724,29,66,40.039159017716734,-75.58766760804994
725,29,63,40.032440562528265,-75.59945062647074
726,29,93,40.037855056380614,-75.60349134985343
727,29,89,40.03883099401563,-75.59685868955945
728,29,64,40.04235015786009,-75.59164811300784
729,29,50,40.04064003014013,-75.60104764004726
730,29,60,40.03400928266783,-75.59008065070914
731,29,80,40.039621409763164,-75.59462604381403
732,29,105,40.03694465562275,-75.59818248887584
733,29,65,40.0377812504486,-75.59501807918494
734,29,54,40.038227598859905,-75.59450398452685
735,29,95,40.040019976796984,-75.59687177360684
736,29,90,40.038672749705945,-75.6002785985871
737,29,103,40.03487688847708,-75.59736318692843
738,29,88,40.038558487668865,-75.59614331913237
739,29,109,40.03852313026196,-75.60020528685506
740,29,74,40.03689067812628,-75.59520410555616
741,29,125,40.04401032153249,-75.59552705046451
742,29,91,40.039868945812536,-75.59484218528415
743,29,114,40.0383770109432,-75.59699467865521
744,29,105,40.036825583267266,-75.59750861702997
745,29,117,40.03610143489365,-75.5887731301925
746,29,91,40.03616458831695,-75.59833664195727
747,29,103,40.03885273768262,-75.59579048732844
748,29,100,40.03249014984534,-75.59621489264569
749,29,87,40.03532459702978,-75.59389472613256
750,133,232,40.04216767030609,-75.59796681387682
751,133,222,40.032574725556486,-75.59292850524245
752,133,158,40.037301310225004,-75.60233669610437
753,133,189,40.03813868662956,-75.59506585270756
754,133,182,40.037924984789164,-75.58786154657135
755,133,208,40.03796633948126,-75.59794303431197
756,133,223,40.038516380442786,-75.59665610521812
757,133,155,40.03707793728753,-75.59534565215746
758,133,184,40.03970537000235,-75.59530798182784
759,133,197,40.04163806777056,-75.60495390812444
760,133,174,40.04177157627769,-75.595777531695
761,133,229,40.037558424906194,-75.60374310883635
762,133,192,40.03881286661603,-75.59567931246654
763,133,192,40.03881205733119,-75.60369149401693
764,133,165,40.03843173870597,-75.59368010129076
765,133,225,40.04015064151267,-75.59660611847563
766,133,189,40.03542839265127,-75.59763853880462
767,133,155,40.037713379635356,-75.59498655387009
768,133,180,40.03629627008956,-75.59493902059698
769,133,214,40.035864469811465,-75.59454523563856
770,133,157,40.03716970622347,-75.6013265034394
771,133,212,40.03634769346196,-75.59644154538621
772,133,181,40.0424897959898,-75.58989841000992
773,133,169,40.04074616344918,-75.59792131506552
774,133,232,40.03590022876506,-75.59371363296592
775,133,184,40.04063175569531,-75.6010174259126
776,133,215,40.03810339097784,-75.58824482081441
777,133,201,40.0393556286014,-75.59747212680591
778,133,230,40.040201577694035,-75.59208772150433
779,133,157,40.03912269165364,-75.59274172507835
780,133,220,40.03729470281647,-75.59723773478757
781,133,176,40.03476992145885,-75.5977064772978
782,133,214,40.03866769936044,-75.59653811376006
783,133,233,40.03330022687835,-75.59830328660689
784,133,186,40.041473410776014,-75.58858291379902
785,133,194,40.039516845537534,-75.59442700910294
786,133,170,40.03446434792656,-75.59347601967464
787,133,183,40.032130517980924,-75.59420757019781
788,133,169,40.042976089748144,-75.59815557662596
789,133,207,40.03963173782079,-75.59982824638159
790,133,168,40.03722070502267,-75.5954228804925
791,133,230,40.03814471299953,-75.59684567542493
792,133,228,40.03845878426423,-75.59627488488776
793,133,222,40.04112079233233,-75.5969036049368
794,133,159,40.03755113677653,-75.60171590668642
795,133,223,40.04238625046358,-75.59599799919813
796,133,217,40.043491281251725,-75.59397854658886
797,133,215,40.03275529579176,-75.59746904731382
798,133,180,40.042215454202136,-75.59610564609451
799,133,228,40.0384999897096,-75.59679513247475
800,0,44,40.04288240226363,-75.59985844272985
801,0,71,40.03472567131048,-75.59077603393115
802,0,78,40.04001693469192,-75.59828564461021
803,0,71,40.038565040185695,-75.59606954467498
804,0,33,40.03670980567169,-75.59510868612873
805,0,29,40.04119396909696,-75.59574574084458
806,0,43,40.03758806746565,-75.59610726847093
807,0,36,40.0344567893835,-75.58977688971893
808,0,74,40.042975553775285,-75.59209227387566
809,0,67,40.04162413079042,-75.59769349791829
810,0,24,40.03856717586852,-75.60105303099698
811,0,91,40.03583934015466,-75.59129944159787
812,0,63,40.03848351658576,-75.59505450643118
813,0,21,40.03398705809865,-75.60132857947526
814,0,52,40.03805385254881,-75.58758613369643
815,0,97,40.041055319496515,-75.59792031041106
816,0,22,40.04271256681712,-75.59745781035525
817,0,83,40.03732736339671,-75.59260089525903
818,0,28,40.0378816373925,-75.58820797406783
819,0,88,40.03971904039295,-75.59658222381205
820,0,94,40.041698833750644,-75.6038054530546
821,0,53,40.03861683180938,-75.60193606998936
822,0,31,40.03928860584003,-75.59201144358806
823,0,49,40.03690136639394,-75.59114959948785
824,0,41,40.03858453211881,-75.59473572401333
825,0,45,40.03941917802753,-75.59723285611891
826,0,96,40.042380285310486,-75.59256681341458
827,0,100,40.0347600619767,-75.59350318318008
828,0,66,40.04242984746676,-75.60268423119571
829,0,94,40.03906748123082,-75.59135730761713
830,0,81,40.03470770421935,-75.59698822109911
831,0,96,40.04016932919963,-75.5995767310854
832,0,56,40.040430116339714,-75.5945397221401
833,0,89,40.036156585543246,-75.58834347177806
834,0,95,40.03296126522017,-75.59779450463016
835,0,20,40.035854869918424,-75.59329573889624
836,0,72,40.03557482532418,-75.60173346769436
837,0,32,40.03195819855671,-75.59643567596876
838,0,99,40.03454377512212,-75.59099584407478
839,0,46,40.041937903323145,-75.60131650444417
840,0,98,40.036442082208886,-75.60415043879796
841,0,97,40.03989328562617,-75.59719361530748
842,0,100,40.041276321221545,-75.5989365429858
843,0,42,40.03679506386375,-75.59424408547801
844,0,87,40.03699229306999,-75.59414660399868
845,0,53,40.04029870611684,-75.5976675113153
846,0,50,40.03429094736172,-75.59692125652155
847,0,58,40.03739441411071,-75.59375186374743
848,0,56,40.038534911560326,-75.59649621296339
849,0,45,40.03777936670169,-75.60145648881488
850,9,76,40.03879208695392,-75.59705201613174
851,9,80,40.032754169330815,-75.59347867693641
852,9,48,40.038021936206086,-75.59670081584952
853,9,88,40.037459900090894,-75.59820140897752
854,9,50,40.04034243302421,-75.59061915186598
855,9,96,40.03570690929233,-75.60402847213939
856,9,67,40.04030098651427,-75.59877895517141
857,9,36,40.0359122476829,-75.5965992294389
858,9,65,40.037196155880615,-75.59794639274232
859,9,104,40.044341788831005,-75.59520530038466
860,9,83,40.032756482047674,-75.59177463360069
861,9,106,40.0400167927365,-75.59740798669787
862,9,94,40.04395210568681,-75.59925414693775
863,9,70,40.04121764144344,-75.59921911875779
864,9,93,40.03832825372312,-75.59468264550118
865,9,51,40.037952853836266,-75.5985277945207
866,9,76,40.03868442007208,-75.59664440656415
867,9,101,40.04068292345786,-75.5981465413747
868,9,33,40.0384996537333,-75.59667945679982
869,9,49,40.0386420398317,-75.59669151492812
870,9,39,40.03729239559752,-75.60130747299976
871,9,78,40.039979606867895,-75.59882326282279
872,9,46,40.038593077804904,-75.59654363602795
873,9,31,40.034384936014156,-75.59940204666701
874,9,86,40.03913248715906,-75.58744803187074
875,9,83,40.03740543372014,-75.59633956928842
876,9,72,40.04094468521856,-75.58969840128785
877,9,89,40.03798456343259,-75.59681606143165
878,9,75,40.03873940413121,-75.59640167679024
879,9,78,40.04187439404189,-75.59475147858093
880,9,104,40.04282111646816,-75.60346447433466
881,9,83,40.03962565325994,-75.60434400979992
882,9,44,40.04186928197177,-75.59038380881137
883,9,29,40.03893784518822,-75.59663088330169
884,9,37,40.037039220450424,-75.5891558837746
885,9,78,40.03625443517901,-75.59818740437653
886,9,33,40.04120185558297,-75.59812006734042
887,9,34,40.03377639759219,-75.5902372723661
888,9,71,40.03843114052954,-75.59782619723578
889,9,33,40.03466865893108,-75.59014373171196
890,9,108,40.03856472999738,-75.60192084386848
891,9,76,40.03745688638811,-75.59598246410653
892,9,38,40.03830717824383,-75.5959618745645
893,9,30,40.04163873650336,-75.59778804617632
894,9,70,40.03859837877642,-75.59645786997659
895,9,92,40.03700140823856,-75.59816935845039
896,9,85,40.035326961888416,-75.59606479713902
897,9,82,40.04145551383366,-75.59118461800753
898,9,29,40.04120229364247,-75.60212308857147
899,9,95,40.03796619184813,-75.60196542232661
900,63,158,40.04286313054357,-75.6026768508035
901,63,127,40.03711075611433,-75.59588120088362
902,63,115,40.039380819605896,-75.59376966223876
903,63,157,40.033039957407595,-75.59632682810297
904,63,139,40.03855368082562,-75.59604778642972
905,63,131,40.04127289591507,-75.59753540300346
906,63,97,40.03790502487333,-75.5928694806814
907,63,87,40.04397135786195,-75.59341611723767
908,63,133,40.036002724183426,-75.59121883875838
909,63,94,40.03754344201091,-75.60167560769817
910,63,84,40.04142708675315,-75.60042230442332
911,63,152,40.04028428467556,-75.59413835845139
912,63,154,40.04239310589384,-75.59674765177937
913,63,119,40.038067594284286,-75.59659048443875
914,63,106,40.039254307798494,-75.59706378986382
915,63,158,40.03582721845005,-75.59861636101832
916,63,91,40.03583970282863,-75.59352443839033
917,63,85,40.043158258722315,-75.60172545748406
918,63,88,40.03484499329914,-75.59780947904476
919,63,106,40.0361414634693,-75.60044604514883
920,63,151,40.03929768815364,-75.5960578917149
921,63,147,40.033680649856635,-75.59069339639979
922,63,118,40.040520434481515,-75.59821085540798
923,63,132,40.03960957772917,-75.59780699704221
924,63,110,40.03843414122413,-75.59576162726418
925,63,140,40.04065556931802,-75.59015844150085
926,63,102,40.04406666462663,-75.59211651423642
927,63,84,40.03803936652196,-75.59710381272207
928,63,132,40.04483357463982,-75.59223420003858
929,63,155,40.03680733280665,-75.59672146107475
930,63,99,40.036227713927,-75.59326806601514
931,63,151,40.04176264349668,-75.60216386112513
932,63,94,40.03312253863749,-75.59351267610339
933,63,127,40.03749596792266,-75.59509680765271
934,63,90,40.03904267557413,-75.59438826051594
935,63,101,40.04470017708672,-75.59436340901051
936,63,132,40.042577544594145,-75.59592348684514
937,63,163,40.03590312046175,-75.59134600004188
938,63,130,40.03841850104544,-75.59641896126367
939,63,103,40.038195040668604,-75.59983800504241
940,63,85,40.036504533835085,-75.59249967802457
941,63,96,40.0415983713941,-75.5912218219086
942,63,156,40.03973785647018,-75.5995691012657
943,63,122,40.04445626554562,-75.59728983382861
944,63,119,40.034804874725296,-75.59719550631313
945,63,105,40.0382178903293,-75.59700774792165
946,63,108,40.03858340409778,-75.59637147062053
947,63,119,40.04408689429268,-75.59784742167915
948,63,96,40.03424837465975,-75.60319193863087
949,63,138,40.041216342696444,-75.6035743001933
950,208,253,40.03657698337718,-75.5983353757617
951,208,231,40.038712028266005,-75.59683579947475
952,208,307,40.04280385256523,-75.59141254475067
953,208,296,40.038778664908776,-75.59734415157487
954,208,229,40.035254207809004,-75.58844744862738
955,208,247,40.039600536352594,-75.5959527064799
956,208,298,40.03633890612763,-75.59905369228943
957,208,231,40.0373236602263,-75.59726701987321
958,208,242,40.0424571795331,-75.59854278567573
959,208,291,40.03736695344074,-75.59795303700886
960,208,256,40.045088840161476,-75.60023668718372
961,208,295,40.03532719284894,-75.589568961679
962,208,266,40.03819333482671,-75.5965656533691
963,208,242,40.03732924099731,-75.60078562758845
964,208,270,40.039551064104245,-75.60550637427782
965,208,241,40.03884030155688,-75.59789167487243
966,208,301,40.03960357263183,-75.59643869736715
967,208,289,40.03425541467612,-75.60284708821601
968,208,229,40.03760255456087,-75.59501763563284
969,208,301,40.03761871649823,-75.59112623484037
970,208,270,40.03707120790945,-75.58787957002393
971,208,262,40.03900306209085,-75.59756932131687
972,208,290,40.03552417409042,-75.59867407484712
973,208,263,40.03759413854054,-75.59512572546075
974,208,240,40.03588350597063,-75.59561815111326
975,208,301,40.034077113946225,-75.60087143647581
976,208,299,40.0350219742155,-75.59366985110627
977,208,255,40.03322460548383,-75.59530780214477
978,208,308,40.03658052534125,-75.58786326998407
979,208,272,40.039394614840525,-75.60580210969705
980,208,248,40.03508778514896,-75.60127923451716
981,208,232,40.036692759715066,-75.59245437487914
982,208,253,40.03762586797337,-75.59293479767452
983,208,298,40.03988031607973,-75.59288429768955
984,208,234,40.04068929601338,-75.58829041741842
985,208,268,40.03984970530311,-75.60455094580416
986,208,271,40.03902491468766,-75.59401120595415
987,208,276,40.04007461175406,-75.5999696186604
988,208,228,40.04503978256988,-75.59697639173642
989,208,230,40.03822287739064,-75.59673707068859
990,208,232,40.03424029500203,-75.60185094355153
991,208,234,40.03836253143199,-75.60057125929703
992,208,249,40.03897108784294,-75.59695094978576
993,208,289,40.03979603207124,-75.60014058869518
994,208,294,40.035661605345055,-75.60359723499639
995,208,260,40.03939656577758,-75.59995077579775
996,208,272,40.03472424535895,-75.59714713149441
997,208,301,40.033379915902515,-75.59979948436323
998,208,249,40.03604523969448,-75.59352841270436
999,208,285,40.03960319759582,-75.59693942654609
